Day,PM2.5,SO2,CO,Ozone
Monday,0.679466379,0.732229702,0.211409534,0.349105985
Tuesday,0.218413738,0.747312522,0.545640116,0.710980979
Wednesday,0.595073919,0.62947225,0.207883541,0.754105198
Thursday,0.844675892,0.664727591,0.826936223,0.66208353
Friday,0.808740246,0.064519754,0.552747672,0.673398838
Saturday,0.663010653,0.044036026,0.777966609,0.753697807
Sunday,0.953301247,0.225440574,0.084022705,0.973076449
